{"cameraMode":{"drawMode":0,"name":"Shaded","section":"Shading Mode"},"sceneLighting":true,"audioPlay":false,"sceneViewState":{"showFog":false,"showMaterialUpdate":false,"showSkybox":false,"showFlares":false,"showImageEffects":false,"showParticleSystems":false},"in2DMode":false,"pivot":{"x":184.34263610839845,"y":17.40289306640625,"z":11.590896606445313},"rotation":{"x":0.002999993273988366,"y":-4.195602798517939e-8,"z":1.0280341161683637e-10,"w":-0.9999955296516419},"size":151.1134490966797,"orthographic":false}