{"cameraMode":{"drawMode":0,"name":"Shaded","section":"Shading Mode"},"sceneLighting":true,"audioPlay":false,"sceneViewState":{"showFog":false,"showMaterialUpdate":false,"showSkybox":false,"showFlares":false,"showImageEffects":false,"showParticleSystems":false},"in2DMode":false,"pivot":{"x":-11.974292755126954,"y":-16.13718032836914,"z":-40.07137680053711},"rotation":{"x":0.02087891474366188,"y":-0.9723189473152161,"z":0.2121366560459137,"w":0.0956975519657135},"size":72.22420501708985,"orthographic":false}