{"cameraMode":{"drawMode":0,"name":"Shaded","section":"Shading Mode"},"sceneLighting":false,"audioPlay":false,"sceneViewState":{"showFog":true,"showMaterialUpdate":true,"showSkybox":false,"showFlares":true,"showImageEffects":true,"showParticleSystems":true},"in2DMode":false,"pivot":{"x":0.0,"y":0.38999998569488528,"z":4.119999885559082},"rotation":{"x":-0.14996746182441712,"y":0.5932772755622864,"z":-0.1136743351817131,"w":-0.7826940417289734},"size":5.7157673835754398,"orthographic":false}