{"cameraMode":{"drawMode":0,"name":"Shaded","section":"Shading Mode"},"sceneLighting":false,"audioPlay":false,"sceneViewState":{"showFog":true,"showMaterialUpdate":true,"showSkybox":false,"showFlares":true,"showImageEffects":true,"showParticleSystems":true},"in2DMode":false,"pivot":{"x":-0.000001430511474609375,"y":-2.7310221195220949,"z":0.0},"rotation":{"x":-0.21912109851837159,"y":0.4146413207054138,"z":-0.1035858690738678,"w":-0.8771137595176697},"size":14.711771965026856,"orthographic":false}