{"cameraMode":{"drawMode":0,"name":"Shaded","section":"Shading Mode"},"sceneLighting":false,"audioPlay":false,"sceneViewState":{"showFog":true,"showMaterialUpdate":true,"showSkybox":false,"showFlares":true,"showImageEffects":true,"showParticleSystems":true},"in2DMode":false,"pivot":{"x":-4.159904479980469,"y":0.67173832654953,"z":-0.8324494361877441},"rotation":{"x":-0.025787819176912309,"y":-0.03838099539279938,"z":0.0009908287320286036,"w":-0.9989299178123474},"size":3.129244327545166,"orthographic":false}