{"cameraMode":{"drawMode":0,"name":"Shaded","section":"Shading Mode"},"sceneLighting":true,"audioPlay":false,"sceneViewState":{"showFog":true,"showMaterialUpdate":true,"showSkybox":true,"showFlares":true,"showImageEffects":true,"showParticleSystems":true},"in2DMode":false,"pivot":{"x":6.142355442047119,"y":5.446515083312988,"z":-13.412216186523438},"rotation":{"x":-0.03600989282131195,"y":-0.12647970020771027,"z":0.004594463389366865,"w":-0.9913047552108765},"size":30.83112335205078,"orthographic":false}