{"cameraMode":{"drawMode":0,"name":"Shaded","section":"Shading Mode"},"sceneLighting":false,"audioPlay":false,"sceneViewState":{"showFog":true,"showMaterialUpdate":false,"showSkybox":false,"showFlares":true,"showImageEffects":true,"showParticleSystems":true},"in2DMode":false,"pivot":{"x":-6.23553466796875,"y":1.5448099374771119,"z":15.296998023986817},"rotation":{"x":0.002526260446757078,"y":0.34157851338386538,"z":0.0009180174674838781,"w":-0.9398494362831116},"size":14.416720390319825,"orthographic":false}