{"cameraMode":{"drawMode":0,"name":"Shaded","section":"Shading Mode"},"sceneLighting":false,"audioPlay":false,"sceneViewState":{"showFog":true,"showMaterialUpdate":false,"showSkybox":false,"showFlares":true,"showImageEffects":true,"showParticleSystems":true},"in2DMode":false,"pivot":{"x":0.0,"y":1.1312285661697388,"z":6.021346569061279},"rotation":{"x":-0.39401692152023318,"y":-0.11342673748731613,"z":0.049071092158555987,"w":-0.9107563495635986},"size":4.270116806030273,"orthographic":false}