{"cameraMode":{"drawMode":0,"name":"Shaded","section":"Shading Mode"},"sceneLighting":false,"audioPlay":false,"sceneViewState":{"showFog":true,"showMaterialUpdate":false,"showSkybox":false,"showFlares":true,"showImageEffects":true,"showParticleSystems":true},"in2DMode":false,"pivot":{"x":4.146615028381348,"y":0.10909724235534668,"z":13.694223403930664},"rotation":{"x":-0.10784684866666794,"y":-0.5952304005622864,"z":0.08103690296411514,"w":-0.7921508550643921},"size":6.811917781829834,"orthographic":false}