{"cameraMode":{"drawMode":0,"name":"Shaded","section":"Shading Mode"},"sceneLighting":false,"audioPlay":false,"sceneViewState":{"showFog":true,"showMaterialUpdate":false,"showSkybox":false,"showFlares":true,"showImageEffects":true,"showParticleSystems":true},"in2DMode":false,"pivot":{"x":15.12109375,"y":2.53564453125,"z":0.8076171875},"rotation":{"x":-0.0042769573628902439,"y":-0.8605970740318298,"z":0.0072271935641765598,"w":-0.5092173218727112},"size":11.421737670898438,"orthographic":true}